JkrhW729sgIekZ4D0yn58xeNsoRdrdNw,test-complete-q-0,1
JkrhW729sgIekZ4D0yn58xeNsoRdrdNw,test-complete-q-3,0
JkrhW729sgIekZ4D0yn58xeNsoRdrdNw,test-complete-q-4,0
JkrhW729sgIekZ4D0yn58xeNsoRdrdNw,test-complete-q-5,0
JkrhW729sgIekZ4D0yn58xeNsoRdrdNw,test-complete-q-1,0
JkrhW729sgIekZ4D0yn58xeNsoRdrdNw,test-complete-q-2,0
JkrhW729sgIekZ4D0yn58xeNsoRdrdNw,test-complete-q-9,0
JkrhW729sgIekZ4D0yn58xeNsoRdrdNw,test-complete-q-6,0
JkrhW729sgIekZ4D0yn58xeNsoRdrdNw,test-complete-q-8,0
JkrhW729sgIekZ4D0yn58xeNsoRdrdNw,test-complete-q-7,0
JkrhW729sgIekZ4D0yn58xeNsoRdrdNw,test-complete-q-0,1
JkrhW729sgIekZ4D0yn58xeNsoRdrdNw,test-complete-q-2,1
JkrhW729sgIekZ4D0yn58xeNsoRdrdNw,test-complete-q-4,1
JkrhW729sgIekZ4D0yn58xeNsoRdrdNw,test-complete-q-3,0
JkrhW729sgIekZ4D0yn58xeNsoRdrdNw,test-complete-q-5,0
JkrhW729sgIekZ4D0yn58xeNsoRdrdNw,test-complete-q-1,1
JkrhW729sgIekZ4D0yn58xeNsoRdrdNw,test-complete-q-7,0
JkrhW729sgIekZ4D0yn58xeNsoRdrdNw,test-complete-q-9,0
JkrhW729sgIekZ4D0yn58xeNsoRdrdNw,test-complete-q-6,0
JkrhW729sgIekZ4D0yn58xeNsoRdrdNw,test-complete-q-8,1
yLnl6N41bYwG0BnVCXfk4YGplRghUB5W,test-complete-q-0,1
yLnl6N41bYwG0BnVCXfk4YGplRghUB5W,test-complete-q-1,1
yLnl6N41bYwG0BnVCXfk4YGplRghUB5W,test-complete-q-3,1
yLnl6N41bYwG0BnVCXfk4YGplRghUB5W,test-complete-q-4,0
yLnl6N41bYwG0BnVCXfk4YGplRghUB5W,test-complete-q-5,0
yLnl6N41bYwG0BnVCXfk4YGplRghUB5W,test-complete-q-6,1
yLnl6N41bYwG0BnVCXfk4YGplRghUB5W,test-complete-q-2,0
yLnl6N41bYwG0BnVCXfk4YGplRghUB5W,test-complete-q-8,1
yLnl6N41bYwG0BnVCXfk4YGplRghUB5W,test-complete-q-7,1
yLnl6N41bYwG0BnVCXfk4YGplRghUB5W,test-complete-q-9,1
AiE6MND0ZBGavLscR9lAFwmYFfVSmpkk,test-complete-q-5,0
AiE6MND0ZBGavLscR9lAFwmYFfVSmpkk,test-complete-q-4,0
AiE6MND0ZBGavLscR9lAFwmYFfVSmpkk,test-complete-q-3,1
AiE6MND0ZBGavLscR9lAFwmYFfVSmpkk,test-complete-q-2,0
AiE6MND0ZBGavLscR9lAFwmYFfVSmpkk,test-complete-q-0,0
AiE6MND0ZBGavLscR9lAFwmYFfVSmpkk,test-complete-q-1,1
AiE6MND0ZBGavLscR9lAFwmYFfVSmpkk,test-complete-q-6,0
AiE6MND0ZBGavLscR9lAFwmYFfVSmpkk,test-complete-q-8,0
AiE6MND0ZBGavLscR9lAFwmYFfVSmpkk,test-complete-q-7,0
AiE6MND0ZBGavLscR9lAFwmYFfVSmpkk,test-complete-q-9,0
AiE6MND0ZBGavLscR9lAFwmYFfVSmpkk,test-complete-q-0,1
AiE6MND0ZBGavLscR9lAFwmYFfVSmpkk,test-complete-q-2,0
AiE6MND0ZBGavLscR9lAFwmYFfVSmpkk,test-complete-q-1,1
AiE6MND0ZBGavLscR9lAFwmYFfVSmpkk,test-complete-q-5,2
AiE6MND0ZBGavLscR9lAFwmYFfVSmpkk,test-complete-q-3,1
AiE6MND0ZBGavLscR9lAFwmYFfVSmpkk,test-complete-q-4,0
AiE6MND0ZBGavLscR9lAFwmYFfVSmpkk,test-complete-q-6,2
AiE6MND0ZBGavLscR9lAFwmYFfVSmpkk,test-complete-q-7,1
AiE6MND0ZBGavLscR9lAFwmYFfVSmpkk,test-complete-q-9,1
AiE6MND0ZBGavLscR9lAFwmYFfVSmpkk,test-complete-q-8,1
p8BUAisPShQ167JxDkPPTX8uG4PE8pVT,test-complete-q-0,1
p8BUAisPShQ167JxDkPPTX8uG4PE8pVT,test-complete-q-4,0
p8BUAisPShQ167JxDkPPTX8uG4PE8pVT,test-complete-q-5,2
p8BUAisPShQ167JxDkPPTX8uG4PE8pVT,test-complete-q-3,1
p8BUAisPShQ167JxDkPPTX8uG4PE8pVT,test-complete-q-2,0
p8BUAisPShQ167JxDkPPTX8uG4PE8pVT,test-complete-q-1,1
p8BUAisPShQ167JxDkPPTX8uG4PE8pVT,test-complete-q-6,3
p8BUAisPShQ167JxDkPPTX8uG4PE8pVT,test-complete-q-9,1
p8BUAisPShQ167JxDkPPTX8uG4PE8pVT,test-complete-q-8,1
p8BUAisPShQ167JxDkPPTX8uG4PE8pVT,test-complete-q-7,1
p8BUAisPShQ167JxDkPPTX8uG4PE8pVT,test-complete-q-0,1
p8BUAisPShQ167JxDkPPTX8uG4PE8pVT,test-complete-q-1,1
p8BUAisPShQ167JxDkPPTX8uG4PE8pVT,test-complete-q-5,4
p8BUAisPShQ167JxDkPPTX8uG4PE8pVT,test-complete-q-2,0
p8BUAisPShQ167JxDkPPTX8uG4PE8pVT,test-complete-q-4,0
p8BUAisPShQ167JxDkPPTX8uG4PE8pVT,test-complete-q-3,1
p8BUAisPShQ167JxDkPPTX8uG4PE8pVT,test-complete-q-6,3
p8BUAisPShQ167JxDkPPTX8uG4PE8pVT,test-complete-q-7,1
p8BUAisPShQ167JxDkPPTX8uG4PE8pVT,test-complete-q-9,1
p8BUAisPShQ167JxDkPPTX8uG4PE8pVT,test-complete-q-8,1
p8BUAisPShQ167JxDkPPTX8uG4PE8pVT,test-complete-q-0,1
p8BUAisPShQ167JxDkPPTX8uG4PE8pVT,test-complete-q-1,1
p8BUAisPShQ167JxDkPPTX8uG4PE8pVT,test-complete-q-4,0
p8BUAisPShQ167JxDkPPTX8uG4PE8pVT,test-complete-q-5,4
p8BUAisPShQ167JxDkPPTX8uG4PE8pVT,test-complete-q-3,1
p8BUAisPShQ167JxDkPPTX8uG4PE8pVT,test-complete-q-2,0
p8BUAisPShQ167JxDkPPTX8uG4PE8pVT,test-complete-q-6,3
p8BUAisPShQ167JxDkPPTX8uG4PE8pVT,test-complete-q-9,1
p8BUAisPShQ167JxDkPPTX8uG4PE8pVT,test-complete-q-8,1
p8BUAisPShQ167JxDkPPTX8uG4PE8pVT,test-complete-q-7,1
p8BUAisPShQ167JxDkPPTX8uG4PE8pVT,test-complete-q-0,1
p8BUAisPShQ167JxDkPPTX8uG4PE8pVT,test-complete-q-1,1
p8BUAisPShQ167JxDkPPTX8uG4PE8pVT,test-complete-q-2,1
p8BUAisPShQ167JxDkPPTX8uG4PE8pVT,test-complete-q-4,0
p8BUAisPShQ167JxDkPPTX8uG4PE8pVT,test-complete-q-3,1
p8BUAisPShQ167JxDkPPTX8uG4PE8pVT,test-complete-q-5,4
p8BUAisPShQ167JxDkPPTX8uG4PE8pVT,test-complete-q-6,3
p8BUAisPShQ167JxDkPPTX8uG4PE8pVT,test-complete-q-7,1
p8BUAisPShQ167JxDkPPTX8uG4PE8pVT,test-complete-q-8,1
p8BUAisPShQ167JxDkPPTX8uG4PE8pVT,test-complete-q-9,1
73Mzhs3xpzpq22PM3SGuUFgRvDGXv9vp,test-complete-q-0,0
73Mzhs3xpzpq22PM3SGuUFgRvDGXv9vp,test-complete-q-5,0
73Mzhs3xpzpq22PM3SGuUFgRvDGXv9vp,test-complete-q-4,0
73Mzhs3xpzpq22PM3SGuUFgRvDGXv9vp,test-complete-q-2,0
73Mzhs3xpzpq22PM3SGuUFgRvDGXv9vp,test-complete-q-1,0
73Mzhs3xpzpq22PM3SGuUFgRvDGXv9vp,test-complete-q-3,0
73Mzhs3xpzpq22PM3SGuUFgRvDGXv9vp,test-complete-q-6,0
73Mzhs3xpzpq22PM3SGuUFgRvDGXv9vp,test-complete-q-7,0
73Mzhs3xpzpq22PM3SGuUFgRvDGXv9vp,test-complete-q-8,0
73Mzhs3xpzpq22PM3SGuUFgRvDGXv9vp,test-complete-q-9,0
gz8eRyfe6wIl7BGgpYeocBYcIV7OwjiF,test-complete-q-0,1
gz8eRyfe6wIl7BGgpYeocBYcIV7OwjiF,test-complete-q-3,0
gz8eRyfe6wIl7BGgpYeocBYcIV7OwjiF,test-complete-q-2,1
gz8eRyfe6wIl7BGgpYeocBYcIV7OwjiF,test-complete-q-1,0
gz8eRyfe6wIl7BGgpYeocBYcIV7OwjiF,test-complete-q-5,0
gz8eRyfe6wIl7BGgpYeocBYcIV7OwjiF,test-complete-q-4,0
gz8eRyfe6wIl7BGgpYeocBYcIV7OwjiF,test-complete-q-6,0
gz8eRyfe6wIl7BGgpYeocBYcIV7OwjiF,test-complete-q-7,0
gz8eRyfe6wIl7BGgpYeocBYcIV7OwjiF,test-complete-q-8,0
gz8eRyfe6wIl7BGgpYeocBYcIV7OwjiF,test-complete-q-9,0
SHyLZWnwexsMRDWtLg7Sob6JSXvhYwM5,test-complete-q-1,0
SHyLZWnwexsMRDWtLg7Sob6JSXvhYwM5,test-complete-q-3,0
SHyLZWnwexsMRDWtLg7Sob6JSXvhYwM5,test-complete-q-0,0
SHyLZWnwexsMRDWtLg7Sob6JSXvhYwM5,test-complete-q-2,0
SHyLZWnwexsMRDWtLg7Sob6JSXvhYwM5,test-complete-q-4,0
SHyLZWnwexsMRDWtLg7Sob6JSXvhYwM5,test-complete-q-5,3
SHyLZWnwexsMRDWtLg7Sob6JSXvhYwM5,test-complete-q-6,3
SHyLZWnwexsMRDWtLg7Sob6JSXvhYwM5,test-complete-q-9,1
SHyLZWnwexsMRDWtLg7Sob6JSXvhYwM5,test-complete-q-7,1
SHyLZWnwexsMRDWtLg7Sob6JSXvhYwM5,test-complete-q-8,1
zOWjnPjALPayRsyl6S4wanbu4oMRSIf0,test-complete-q-1,1
zOWjnPjALPayRsyl6S4wanbu4oMRSIf0,test-complete-q-0,1
zOWjnPjALPayRsyl6S4wanbu4oMRSIf0,test-complete-q-6,0
zOWjnPjALPayRsyl6S4wanbu4oMRSIf0,test-complete-q-5,0
zOWjnPjALPayRsyl6S4wanbu4oMRSIf0,test-complete-q-3,0
zOWjnPjALPayRsyl6S4wanbu4oMRSIf0,test-complete-q-2,0
zOWjnPjALPayRsyl6S4wanbu4oMRSIf0,test-complete-q-4,0
zOWjnPjALPayRsyl6S4wanbu4oMRSIf0,test-complete-q-7,0
zOWjnPjALPayRsyl6S4wanbu4oMRSIf0,test-complete-q-8,0
zOWjnPjALPayRsyl6S4wanbu4oMRSIf0,test-complete-q-9,0
dGjSnN54Y8XdVX8sGbFnbHNBxrLrF7d5,test-complete-q-2,0
dGjSnN54Y8XdVX8sGbFnbHNBxrLrF7d5,test-complete-q-1,1
dGjSnN54Y8XdVX8sGbFnbHNBxrLrF7d5,test-complete-q-4,1
dGjSnN54Y8XdVX8sGbFnbHNBxrLrF7d5,test-complete-q-0,1
dGjSnN54Y8XdVX8sGbFnbHNBxrLrF7d5,test-complete-q-3,0
dGjSnN54Y8XdVX8sGbFnbHNBxrLrF7d5,test-complete-q-5,0
dGjSnN54Y8XdVX8sGbFnbHNBxrLrF7d5,test-complete-q-9,0
dGjSnN54Y8XdVX8sGbFnbHNBxrLrF7d5,test-complete-q-8,1
dGjSnN54Y8XdVX8sGbFnbHNBxrLrF7d5,test-complete-q-6,0
dGjSnN54Y8XdVX8sGbFnbHNBxrLrF7d5,test-complete-q-7,1
IcyE8kq00O0TvMswf8wZnhak8cYp2QGs,test-complete-q-2,0
IcyE8kq00O0TvMswf8wZnhak8cYp2QGs,test-complete-q-0,0
IcyE8kq00O0TvMswf8wZnhak8cYp2QGs,test-complete-q-1,0
IcyE8kq00O0TvMswf8wZnhak8cYp2QGs,test-complete-q-4,0
IcyE8kq00O0TvMswf8wZnhak8cYp2QGs,test-complete-q-5,0
IcyE8kq00O0TvMswf8wZnhak8cYp2QGs,test-complete-q-3,0
IcyE8kq00O0TvMswf8wZnhak8cYp2QGs,test-complete-q-7,0
IcyE8kq00O0TvMswf8wZnhak8cYp2QGs,test-complete-q-8,0
IcyE8kq00O0TvMswf8wZnhak8cYp2QGs,test-complete-q-9,0
IcyE8kq00O0TvMswf8wZnhak8cYp2QGs,test-complete-q-6,0
I5dpRBADzLZlJF8m9IU4dgJttYEjR91v,test-complete-q-3,1
I5dpRBADzLZlJF8m9IU4dgJttYEjR91v,test-complete-q-2,0
I5dpRBADzLZlJF8m9IU4dgJttYEjR91v,test-complete-q-4,0
I5dpRBADzLZlJF8m9IU4dgJttYEjR91v,test-complete-q-5,4
I5dpRBADzLZlJF8m9IU4dgJttYEjR91v,test-complete-q-0,0
I5dpRBADzLZlJF8m9IU4dgJttYEjR91v,test-complete-q-1,0
I5dpRBADzLZlJF8m9IU4dgJttYEjR91v,test-complete-q-6,3
I5dpRBADzLZlJF8m9IU4dgJttYEjR91v,test-complete-q-8,0
I5dpRBADzLZlJF8m9IU4dgJttYEjR91v,test-complete-q-9,1
I5dpRBADzLZlJF8m9IU4dgJttYEjR91v,test-complete-q-7,1
ri4SbrSeiEAFL5ipWpYJIkl5oTcEz045,test-complete-q-0,1
ri4SbrSeiEAFL5ipWpYJIkl5oTcEz045,test-complete-q-2,0
ri4SbrSeiEAFL5ipWpYJIkl5oTcEz045,test-complete-q-4,1
ri4SbrSeiEAFL5ipWpYJIkl5oTcEz045,test-complete-q-5,4
ri4SbrSeiEAFL5ipWpYJIkl5oTcEz045,test-complete-q-3,1
ri4SbrSeiEAFL5ipWpYJIkl5oTcEz045,test-complete-q-1,1
ri4SbrSeiEAFL5ipWpYJIkl5oTcEz045,test-complete-q-6,2
ri4SbrSeiEAFL5ipWpYJIkl5oTcEz045,test-complete-q-7,0
ri4SbrSeiEAFL5ipWpYJIkl5oTcEz045,test-complete-q-9,0
ri4SbrSeiEAFL5ipWpYJIkl5oTcEz045,test-complete-q-8,1
BHvSDSNmTmq0eyQqXIT4HNrubl8y1QNo,test-complete-q-0,0
BHvSDSNmTmq0eyQqXIT4HNrubl8y1QNo,test-complete-q-5,4
BHvSDSNmTmq0eyQqXIT4HNrubl8y1QNo,test-complete-q-1,0
BHvSDSNmTmq0eyQqXIT4HNrubl8y1QNo,test-complete-q-3,1
BHvSDSNmTmq0eyQqXIT4HNrubl8y1QNo,test-complete-q-4,0
BHvSDSNmTmq0eyQqXIT4HNrubl8y1QNo,test-complete-q-6,3
BHvSDSNmTmq0eyQqXIT4HNrubl8y1QNo,test-complete-q-2,0
BHvSDSNmTmq0eyQqXIT4HNrubl8y1QNo,test-complete-q-7,1
BHvSDSNmTmq0eyQqXIT4HNrubl8y1QNo,test-complete-q-9,1
BHvSDSNmTmq0eyQqXIT4HNrubl8y1QNo,test-complete-q-8,1
EBZbeGzEBMlQJBKUBjKaZScICmeolMUV,test-complete-q-0,0
EBZbeGzEBMlQJBKUBjKaZScICmeolMUV,test-complete-q-4,0
EBZbeGzEBMlQJBKUBjKaZScICmeolMUV,test-complete-q-1,0
EBZbeGzEBMlQJBKUBjKaZScICmeolMUV,test-complete-q-5,3
EBZbeGzEBMlQJBKUBjKaZScICmeolMUV,test-complete-q-2,0
EBZbeGzEBMlQJBKUBjKaZScICmeolMUV,test-complete-q-3,0
EBZbeGzEBMlQJBKUBjKaZScICmeolMUV,test-complete-q-6,3
EBZbeGzEBMlQJBKUBjKaZScICmeolMUV,test-complete-q-7,1
EBZbeGzEBMlQJBKUBjKaZScICmeolMUV,test-complete-q-8,1
EBZbeGzEBMlQJBKUBjKaZScICmeolMUV,test-complete-q-9,1
8ojZp4X2Ocs3uWJ3I7vxIkEB36FwzvEI,test-complete-q-0,1
8ojZp4X2Ocs3uWJ3I7vxIkEB36FwzvEI,test-complete-q-1,1
8ojZp4X2Ocs3uWJ3I7vxIkEB36FwzvEI,test-complete-q-3,0
8ojZp4X2Ocs3uWJ3I7vxIkEB36FwzvEI,test-complete-q-2,1
8ojZp4X2Ocs3uWJ3I7vxIkEB36FwzvEI,test-complete-q-4,0
8ojZp4X2Ocs3uWJ3I7vxIkEB36FwzvEI,test-complete-q-5,0
8ojZp4X2Ocs3uWJ3I7vxIkEB36FwzvEI,test-complete-q-7,0
8ojZp4X2Ocs3uWJ3I7vxIkEB36FwzvEI,test-complete-q-6,0
8ojZp4X2Ocs3uWJ3I7vxIkEB36FwzvEI,test-complete-q-8,0
8ojZp4X2Ocs3uWJ3I7vxIkEB36FwzvEI,test-complete-q-9,0
4qFhZEoHwA6KnkB4hu0iDU5DXI28IWbU,test-complete-q-1,1
4qFhZEoHwA6KnkB4hu0iDU5DXI28IWbU,test-complete-q-0,1
4qFhZEoHwA6KnkB4hu0iDU5DXI28IWbU,test-complete-q-2,1
4qFhZEoHwA6KnkB4hu0iDU5DXI28IWbU,test-complete-q-4,0
4qFhZEoHwA6KnkB4hu0iDU5DXI28IWbU,test-complete-q-5,1
4qFhZEoHwA6KnkB4hu0iDU5DXI28IWbU,test-complete-q-3,1
4qFhZEoHwA6KnkB4hu0iDU5DXI28IWbU,test-complete-q-7,0
4qFhZEoHwA6KnkB4hu0iDU5DXI28IWbU,test-complete-q-6,0
4qFhZEoHwA6KnkB4hu0iDU5DXI28IWbU,test-complete-q-8,0
4qFhZEoHwA6KnkB4hu0iDU5DXI28IWbU,test-complete-q-9,0
