p8BUAisPShQ167JxDkPPTX8uG4PE8pVT,test-complete-q-0,1
AiE6MND0ZBGavLscR9lAFwmYFfVSmpkk,test-complete-q-0,1
8ojZp4X2Ocs3uWJ3I7vxIkEB36FwzvEI,test-complete-q-0,1
4qFhZEoHwA6KnkB4hu0iDU5DXI28IWbU,test-complete-q-0,1
dGjSnN54Y8XdVX8sGbFnbHNBxrLrF7d5,test-complete-q-0,1
AiE6MND0ZBGavLscR9lAFwmYFfVSmpkk,test-complete-q-0,0
JkrhW729sgIekZ4D0yn58xeNsoRdrdNw,test-complete-q-0,1
gz8eRyfe6wIl7BGgpYeocBYcIV7OwjiF,test-complete-q-0,1
73Mzhs3xpzpq22PM3SGuUFgRvDGXv9vp,test-complete-q-0,0
p8BUAisPShQ167JxDkPPTX8uG4PE8pVT,test-complete-q-0,1
zOWjnPjALPayRsyl6S4wanbu4oMRSIf0,test-complete-q-0,1
ri4SbrSeiEAFL5ipWpYJIkl5oTcEz045,test-complete-q-0,1
yLnl6N41bYwG0BnVCXfk4YGplRghUB5W,test-complete-q-0,1
p8BUAisPShQ167JxDkPPTX8uG4PE8pVT,test-complete-q-0,1
p8BUAisPShQ167JxDkPPTX8uG4PE8pVT,test-complete-q-0,1
JkrhW729sgIekZ4D0yn58xeNsoRdrdNw,test-complete-q-0,1
AiE6MND0ZBGavLscR9lAFwmYFfVSmpkk,test-complete-q-1,1
gz8eRyfe6wIl7BGgpYeocBYcIV7OwjiF,test-complete-q-1,0
JkrhW729sgIekZ4D0yn58xeNsoRdrdNw,test-complete-q-1,1
yLnl6N41bYwG0BnVCXfk4YGplRghUB5W,test-complete-q-1,1
JkrhW729sgIekZ4D0yn58xeNsoRdrdNw,test-complete-q-1,0
4qFhZEoHwA6KnkB4hu0iDU5DXI28IWbU,test-complete-q-1,1
p8BUAisPShQ167JxDkPPTX8uG4PE8pVT,test-complete-q-1,1
8ojZp4X2Ocs3uWJ3I7vxIkEB36FwzvEI,test-complete-q-1,1
AiE6MND0ZBGavLscR9lAFwmYFfVSmpkk,test-complete-q-1,1
ri4SbrSeiEAFL5ipWpYJIkl5oTcEz045,test-complete-q-1,1
p8BUAisPShQ167JxDkPPTX8uG4PE8pVT,test-complete-q-1,1
p8BUAisPShQ167JxDkPPTX8uG4PE8pVT,test-complete-q-1,1
dGjSnN54Y8XdVX8sGbFnbHNBxrLrF7d5,test-complete-q-1,1
p8BUAisPShQ167JxDkPPTX8uG4PE8pVT,test-complete-q-1,1
zOWjnPjALPayRsyl6S4wanbu4oMRSIf0,test-complete-q-1,1
4qFhZEoHwA6KnkB4hu0iDU5DXI28IWbU,test-complete-q-2,1
AiE6MND0ZBGavLscR9lAFwmYFfVSmpkk,test-complete-q-2,0
p8BUAisPShQ167JxDkPPTX8uG4PE8pVT,test-complete-q-2,0
p8BUAisPShQ167JxDkPPTX8uG4PE8pVT,test-complete-q-2,0
dGjSnN54Y8XdVX8sGbFnbHNBxrLrF7d5,test-complete-q-2,0
ri4SbrSeiEAFL5ipWpYJIkl5oTcEz045,test-complete-q-2,0
p8BUAisPShQ167JxDkPPTX8uG4PE8pVT,test-complete-q-2,0
gz8eRyfe6wIl7BGgpYeocBYcIV7OwjiF,test-complete-q-2,1
p8BUAisPShQ167JxDkPPTX8uG4PE8pVT,test-complete-q-2,1
JkrhW729sgIekZ4D0yn58xeNsoRdrdNw,test-complete-q-2,0
AiE6MND0ZBGavLscR9lAFwmYFfVSmpkk,test-complete-q-2,0
8ojZp4X2Ocs3uWJ3I7vxIkEB36FwzvEI,test-complete-q-2,1
JkrhW729sgIekZ4D0yn58xeNsoRdrdNw,test-complete-q-2,1
yLnl6N41bYwG0BnVCXfk4YGplRghUB5W,test-complete-q-2,0
SHyLZWnwexsMRDWtLg7Sob6JSXvhYwM5,test-complete-q-3,0
ri4SbrSeiEAFL5ipWpYJIkl5oTcEz045,test-complete-q-3,1
yLnl6N41bYwG0BnVCXfk4YGplRghUB5W,test-complete-q-3,1
4qFhZEoHwA6KnkB4hu0iDU5DXI28IWbU,test-complete-q-3,1
p8BUAisPShQ167JxDkPPTX8uG4PE8pVT,test-complete-q-3,1
p8BUAisPShQ167JxDkPPTX8uG4PE8pVT,test-complete-q-3,1
gz8eRyfe6wIl7BGgpYeocBYcIV7OwjiF,test-complete-q-3,0
AiE6MND0ZBGavLscR9lAFwmYFfVSmpkk,test-complete-q-3,1
p8BUAisPShQ167JxDkPPTX8uG4PE8pVT,test-complete-q-3,1
dGjSnN54Y8XdVX8sGbFnbHNBxrLrF7d5,test-complete-q-3,0
8ojZp4X2Ocs3uWJ3I7vxIkEB36FwzvEI,test-complete-q-3,0
p8BUAisPShQ167JxDkPPTX8uG4PE8pVT,test-complete-q-3,1
I5dpRBADzLZlJF8m9IU4dgJttYEjR91v,test-complete-q-3,1
AiE6MND0ZBGavLscR9lAFwmYFfVSmpkk,test-complete-q-3,1
EBZbeGzEBMlQJBKUBjKaZScICmeolMUV,test-complete-q-3,0
BHvSDSNmTmq0eyQqXIT4HNrubl8y1QNo,test-complete-q-3,1
JkrhW729sgIekZ4D0yn58xeNsoRdrdNw,test-complete-q-4,1
4qFhZEoHwA6KnkB4hu0iDU5DXI28IWbU,test-complete-q-4,0
JkrhW729sgIekZ4D0yn58xeNsoRdrdNw,test-complete-q-4,0
yLnl6N41bYwG0BnVCXfk4YGplRghUB5W,test-complete-q-4,0
dGjSnN54Y8XdVX8sGbFnbHNBxrLrF7d5,test-complete-q-4,1
8ojZp4X2Ocs3uWJ3I7vxIkEB36FwzvEI,test-complete-q-4,0
ri4SbrSeiEAFL5ipWpYJIkl5oTcEz045,test-complete-q-4,1
AiE6MND0ZBGavLscR9lAFwmYFfVSmpkk,test-complete-q-5,2
JkrhW729sgIekZ4D0yn58xeNsoRdrdNw,test-complete-q-5,0
JkrhW729sgIekZ4D0yn58xeNsoRdrdNw,test-complete-q-5,0
yLnl6N41bYwG0BnVCXfk4YGplRghUB5W,test-complete-q-5,0
AiE6MND0ZBGavLscR9lAFwmYFfVSmpkk,test-complete-q-5,0
p8BUAisPShQ167JxDkPPTX8uG4PE8pVT,test-complete-q-5,2
p8BUAisPShQ167JxDkPPTX8uG4PE8pVT,test-complete-q-5,4
p8BUAisPShQ167JxDkPPTX8uG4PE8pVT,test-complete-q-5,4
p8BUAisPShQ167JxDkPPTX8uG4PE8pVT,test-complete-q-5,4
SHyLZWnwexsMRDWtLg7Sob6JSXvhYwM5,test-complete-q-5,3
I5dpRBADzLZlJF8m9IU4dgJttYEjR91v,test-complete-q-5,4
ri4SbrSeiEAFL5ipWpYJIkl5oTcEz045,test-complete-q-5,4
BHvSDSNmTmq0eyQqXIT4HNrubl8y1QNo,test-complete-q-5,4
EBZbeGzEBMlQJBKUBjKaZScICmeolMUV,test-complete-q-5,3
4qFhZEoHwA6KnkB4hu0iDU5DXI28IWbU,test-complete-q-5,1
SHyLZWnwexsMRDWtLg7Sob6JSXvhYwM5,test-complete-q-6,3
p8BUAisPShQ167JxDkPPTX8uG4PE8pVT,test-complete-q-6,3
p8BUAisPShQ167JxDkPPTX8uG4PE8pVT,test-complete-q-6,3
dGjSnN54Y8XdVX8sGbFnbHNBxrLrF7d5,test-complete-q-6,0
I5dpRBADzLZlJF8m9IU4dgJttYEjR91v,test-complete-q-6,3
p8BUAisPShQ167JxDkPPTX8uG4PE8pVT,test-complete-q-6,3
yLnl6N41bYwG0BnVCXfk4YGplRghUB5W,test-complete-q-6,1
ri4SbrSeiEAFL5ipWpYJIkl5oTcEz045,test-complete-q-6,2
BHvSDSNmTmq0eyQqXIT4HNrubl8y1QNo,test-complete-q-6,3
AiE6MND0ZBGavLscR9lAFwmYFfVSmpkk,test-complete-q-6,2
EBZbeGzEBMlQJBKUBjKaZScICmeolMUV,test-complete-q-6,3
AiE6MND0ZBGavLscR9lAFwmYFfVSmpkk,test-complete-q-6,0
p8BUAisPShQ167JxDkPPTX8uG4PE8pVT,test-complete-q-6,3
AiE6MND0ZBGavLscR9lAFwmYFfVSmpkk,test-complete-q-7,0
dGjSnN54Y8XdVX8sGbFnbHNBxrLrF7d5,test-complete-q-7,1
p8BUAisPShQ167JxDkPPTX8uG4PE8pVT,test-complete-q-7,1
I5dpRBADzLZlJF8m9IU4dgJttYEjR91v,test-complete-q-7,1
p8BUAisPShQ167JxDkPPTX8uG4PE8pVT,test-complete-q-7,1
ri4SbrSeiEAFL5ipWpYJIkl5oTcEz045,test-complete-q-7,0
AiE6MND0ZBGavLscR9lAFwmYFfVSmpkk,test-complete-q-7,1
BHvSDSNmTmq0eyQqXIT4HNrubl8y1QNo,test-complete-q-7,1
p8BUAisPShQ167JxDkPPTX8uG4PE8pVT,test-complete-q-7,1
yLnl6N41bYwG0BnVCXfk4YGplRghUB5W,test-complete-q-7,1
EBZbeGzEBMlQJBKUBjKaZScICmeolMUV,test-complete-q-7,1
SHyLZWnwexsMRDWtLg7Sob6JSXvhYwM5,test-complete-q-7,1
p8BUAisPShQ167JxDkPPTX8uG4PE8pVT,test-complete-q-7,1
EBZbeGzEBMlQJBKUBjKaZScICmeolMUV,test-complete-q-8,1
p8BUAisPShQ167JxDkPPTX8uG4PE8pVT,test-complete-q-8,1
JkrhW729sgIekZ4D0yn58xeNsoRdrdNw,test-complete-q-8,1
yLnl6N41bYwG0BnVCXfk4YGplRghUB5W,test-complete-q-8,1
AiE6MND0ZBGavLscR9lAFwmYFfVSmpkk,test-complete-q-8,0
I5dpRBADzLZlJF8m9IU4dgJttYEjR91v,test-complete-q-8,0
BHvSDSNmTmq0eyQqXIT4HNrubl8y1QNo,test-complete-q-8,1
SHyLZWnwexsMRDWtLg7Sob6JSXvhYwM5,test-complete-q-8,1
p8BUAisPShQ167JxDkPPTX8uG4PE8pVT,test-complete-q-8,1
JkrhW729sgIekZ4D0yn58xeNsoRdrdNw,test-complete-q-8,0
p8BUAisPShQ167JxDkPPTX8uG4PE8pVT,test-complete-q-8,1
ri4SbrSeiEAFL5ipWpYJIkl5oTcEz045,test-complete-q-8,1
AiE6MND0ZBGavLscR9lAFwmYFfVSmpkk,test-complete-q-8,1
dGjSnN54Y8XdVX8sGbFnbHNBxrLrF7d5,test-complete-q-8,1
p8BUAisPShQ167JxDkPPTX8uG4PE8pVT,test-complete-q-8,1
AiE6MND0ZBGavLscR9lAFwmYFfVSmpkk,test-complete-q-9,0
p8BUAisPShQ167JxDkPPTX8uG4PE8pVT,test-complete-q-9,1
p8BUAisPShQ167JxDkPPTX8uG4PE8pVT,test-complete-q-9,1
ri4SbrSeiEAFL5ipWpYJIkl5oTcEz045,test-complete-q-9,0
EBZbeGzEBMlQJBKUBjKaZScICmeolMUV,test-complete-q-9,1
BHvSDSNmTmq0eyQqXIT4HNrubl8y1QNo,test-complete-q-9,1
p8BUAisPShQ167JxDkPPTX8uG4PE8pVT,test-complete-q-9,1
AiE6MND0ZBGavLscR9lAFwmYFfVSmpkk,test-complete-q-9,1
SHyLZWnwexsMRDWtLg7Sob6JSXvhYwM5,test-complete-q-9,1
dGjSnN54Y8XdVX8sGbFnbHNBxrLrF7d5,test-complete-q-9,0
I5dpRBADzLZlJF8m9IU4dgJttYEjR91v,test-complete-q-9,1
p8BUAisPShQ167JxDkPPTX8uG4PE8pVT,test-complete-q-9,1
yLnl6N41bYwG0BnVCXfk4YGplRghUB5W,test-complete-q-9,1
